<?xml version="1.0" encoding="UTF-8"?>
<component name="googlebooks_volume" type="synapse/template">
    <subComponents>
        <component name="listVolume">
            <file>listVolume.xml</file>
            <description>Lists volumes that satisfy the given query.</description>
        </component>
        <component name="quarterback">
            <file>quarterback.xml</file>
            <description>quarterback</description>
        </component>
        <component name="car03">
            <file>car03.xml</file>
            <description>car03</description>
        </component>
    </subComponents>
</component>